INSERT INTO "Admin" (id, email, password, name, phone) VALUES
('a0000000-0000-0000-0000-000000000001', 'admin1@example.com', 'adminpass1', 'Admin One', '111-111-1111'),
('a0000000-0000-0000-0000-000000000002', 'admin2@example.com', 'adminpass2', 'Admin Two', '222-222-2222'),
('a0000000-0000-0000-0000-000000000003', 'admin3@example.com', 'adminpass3', 'Admin Three', '333-333-3333'),
('a0000000-0000-0000-0000-000000000004', 'admin4@example.com', 'adminpass4', 'Admin Four', '444-444-4444'),
('a0000000-0000-0000-0000-000000000005', 'admin5@example.com', 'adminpass5', 'Admin Five', '555-555-5555'),
('a0000000-0000-0000-0000-000000000006', 'admin6@example.com', 'adminpass6', 'Admin Six', '666-666-6666'),
('a0000000-0000-0000-0000-000000000007', 'admin7@example.com', 'adminpass7', 'Admin Seven', '777-777-7777'),
('a0000000-0000-0000-0000-000000000008', 'admin8@example.com', 'adminpass8', 'Admin Eight', '888-888-8888'),
('a0000000-0000-0000-0000-000000000009', 'admin9@example.com', 'adminpass9', 'Admin Nine', '999-999-9999'),
('a0000000-0000-0000-0000-000000000010', 'admin10@example.com', 'adminpass10', 'Admin Ten', '000-000-0000');
INSERT INTO "company" (id, email, password, name, phone, balance) VALUES
('b0000000-0000-0000-0000-000000000001', 'company1@example.com', 'comppass1', 'Company One Inc.', '101-101-1010', 5000.0),
('b0000000-0000-0000-0000-000000000002', 'company2@example.com', 'comppass2', 'Company Two LLC', '202-202-2020', 6000.0),
('b0000000-0000-0000-0000-000000000003', 'company3@example.com', 'comppass3', 'Company Three Ltd.', '303-303-3030', 7000.0),
('b0000000-0000-0000-0000-000000000004', 'company4@example.com', 'comppass4', 'Company Four Co.', '404-404-4040', 8000.0),
('b0000000-0000-0000-0000-000000000005', 'company5@example.com', 'comppass5', 'Company Five Enterprises', '505-505-5050', 9000.0),
('b0000000-0000-0000-0000-000000000006', 'company6@example.com', 'comppass6', 'Company Six Corp.', '606-606-6060', 10000.0),
('b0000000-0000-0000-0000-000000000007', 'company7@example.com', 'comppass7', 'Company Seven Inc.', '707-707-7070', 11000.0),
('b0000000-0000-0000-0000-000000000008', 'company8@example.com', 'comppass8', 'Company Eight LLC', '808-808-8080', 12000.0),
('b0000000-0000-0000-0000-000000000009', 'company9@example.com', 'comppass9', 'Company Nine Ltd.', '909-909-9090', 13000.0),
('b0000000-0000-0000-0000-000000000010', 'company10@example.com', 'comppass10', 'Company Ten Co.', '010-010-0101', 14000.0);
INSERT INTO "customer" (id, email, password, name, phone, balance) VALUES
('c0000000-0000-0000-0000-000000000001', 'customer1@example.com', 'custpass1', 'Customer One', '111-222-3333', 1000.0),
('c0000000-0000-0000-0000-000000000002', 'customer2@example.com', 'custpass2', 'Customer Two', '222-333-4444', 1100.0),
('c0000000-0000-0000-0000-000000000003', 'customer3@example.com', 'custpass3', 'Customer Three', '333-444-5555', 1200.0),
('c0000000-0000-0000-0000-000000000004', 'customer4@example.com', 'custpass4', 'Customer Four', '444-555-6666', 1300.0),
('c0000000-0000-0000-0000-000000000005', 'customer5@example.com', 'custpass5', 'Customer Five', '555-666-7777', 1400.0),
('c0000000-0000-0000-0000-000000000006', 'customer6@example.com', 'custpass6', 'Customer Six', '666-777-8888', 1500.0),
('c0000000-0000-0000-0000-000000000007', 'customer7@example.com', 'custpass7', 'Customer Seven', '777-888-9999', 1600.0),
('c0000000-0000-0000-0000-000000000008', 'customer8@example.com', 'custpass8', 'Customer Eight', '888-999-0000', 1700.0),
('c0000000-0000-0000-0000-000000000009', 'customer9@example.com', 'custpass9', 'Customer Nine', '999-000-1111', 1800.0),
('c0000000-0000-0000-0000-000000000010', 'customer10@example.com', 'custpass10', 'Customer Ten', '000-111-2222', 1900.0);
INSERT INTO "event" (id, name, description, date, location, company_id) VALUES
('d0000000-0000-0000-0000-000000000001', 'Event One', 'Description for Event One', '2025-01-15 18:00:00', 'Location One', 'b0000000-0000-0000-0000-000000000001'),
('d0000000-0000-0000-0000-000000000002', 'Event Two', 'Description for Event Two', '2025-02-15 18:00:00', 'Location Two', 'b0000000-0000-0000-0000-000000000002'),
('d0000000-0000-0000-0000-000000000003', 'Event Three', 'Description for Event Three', '2025-03-15 18:00:00', 'Location Three', 'b0000000-0000-0000-0000-000000000003'),
('d0000000-0000-0000-0000-000000000004', 'Event Four', 'Description for Event Four', '2025-04-15 18:00:00', 'Location Four', 'b0000000-0000-0000-0000-000000000004'),
('d0000000-0000-0000-0000-000000000005', 'Event Five', 'Description for Event Five', '2025-05-15 18:00:00', 'Location Five', 'b0000000-0000-0000-0000-000000000005'),
('d0000000-0000-0000-0000-000000000006', 'Event Six', 'Description for Event Six', '2025-06-15 18:00:00', 'Location Six', 'b0000000-0000-0000-0000-000000000006'),
('d0000000-0000-0000-0000-000000000007', 'Event Seven', 'Description for Event Seven', '2025-07-15 18:00:00', 'Location Seven', 'b0000000-0000-0000-0000-000000000007'),
('d0000000-0000-0000-0000-000000000008', 'Event Eight', 'Description for Event Eight', '2025-08-15 18:00:00', 'Location Eight', 'b0000000-0000-0000-0000-000000000008'),
('d0000000-0000-0000-0000-000000000009', 'Event Nine', 'Description for Event Nine', '2025-09-15 18:00:00', 'Location Nine', 'b0000000-0000-0000-0000-000000000009'),
('d0000000-0000-0000-0000-000000000010', 'Event Ten', 'Description for Event Ten', '2025-10-15 18:00:00', 'Location Ten', 'b0000000-0000-0000-0000-000000000010');
INSERT INTO "advertisment" (id, name, description, image, company_id) VALUES
('e0000000-0000-0000-0000-000000000001', 'Ad One', 'Ad Description One', 'https://example.com/ad1.png', 'b0000000-0000-0000-0000-000000000001'),
('e0000000-0000-0000-0000-000000000002', 'Ad Two', 'Ad Description Two', 'https://example.com/ad2.png', 'b0000000-0000-0000-0000-000000000002'),
('e0000000-0000-0000-0000-000000000003', 'Ad Three', 'Ad Description Three', 'https://example.com/ad3.png', 'b0000000-0000-0000-0000-000000000003'),
('e0000000-0000-0000-0000-000000000004', 'Ad Four', 'Ad Description Four', 'https://example.com/ad4.png', 'b0000000-0000-0000-0000-000000000004'),
('e0000000-0000-0000-0000-000000000005', 'Ad Five', 'Ad Description Five', 'https://example.com/ad5.png', 'b0000000-0000-0000-0000-000000000005'),
('e0000000-0000-0000-0000-000000000006', 'Ad Six', 'Ad Description Six', 'https://example.com/ad6.png', 'b0000000-0000-0000-0000-000000000006'),
('e0000000-0000-0000-0000-000000000007', 'Ad Seven', 'Ad Description Seven', 'https://example.com/ad7.png', 'b0000000-0000-0000-0000-000000000007'),
('e0000000-0000-0000-0000-000000000008', 'Ad Eight', 'Ad Description Eight', 'https://example.com/ad8.png', 'b0000000-0000-0000-0000-000000000008'),
('e0000000-0000-0000-0000-000000000009', 'Ad Nine', 'Ad Description Nine', 'https://example.com/ad9.png', 'b0000000-0000-0000-0000-000000000009'),
('e0000000-0000-0000-0000-000000000010', 'Ad Ten', 'Ad Description Ten', 'https://example.com/ad10.png', 'b0000000-0000-0000-0000-000000000010');
INSERT INTO "payment" (id, sender_id, receiver_id, amount, created_at, location, details) VALUES
('f0000000-0000-0000-0000-000000000001', 'c0000000-0000-0000-0000-000000000001', 'b0000000-0000-0000-0000-000000000001', 110.0, now(), 'Online Portal', 'Payment for Event One'),
('f0000000-0000-0000-0000-000000000002', 'c0000000-0000-0000-0000-000000000002', 'b0000000-0000-0000-0000-000000000002', 120.0, now(), 'Online Portal', 'Payment for Event Two'),
('f0000000-0000-0000-0000-000000000003', 'c0000000-0000-0000-0000-000000000003', 'b0000000-0000-0000-0000-000000000003', 130.0, now(), 'Online Portal', 'Payment for Event Three'),
('f0000000-0000-0000-0000-000000000004', 'c0000000-0000-0000-0000-000000000004', 'b0000000-0000-0000-0000-000000000004', 140.0, now(), 'Online Portal', 'Payment for Event Four'),
('f0000000-0000-0000-0000-000000000005', 'c0000000-0000-0000-0000-000000000005', 'b0000000-0000-0000-0000-000000000005', 150.0, now(), 'Online Portal', 'Payment for Event Five'),
('f0000000-0000-0000-0000-000000000006', 'c0000000-0000-0000-0000-000000000006', 'b0000000-0000-0000-0000-000000000006', 160.0, now(), 'Online Portal', 'Payment for Event Six'),
('f0000000-0000-0000-0000-000000000007', 'c0000000-0000-0000-0000-000000000007', 'b0000000-0000-0000-0000-000000000007', 170.0, now(), 'Online Portal', 'Payment for Event Seven'),
('f0000000-0000-0000-0000-000000000008', 'c0000000-0000-0000-0000-000000000008', 'b0000000-0000-0000-0000-000000000008', 180.0, now(), 'Online Portal', 'Payment for Event Eight'),
('f0000000-0000-0000-0000-000000000009', 'c0000000-0000-0000-0000-000000000009', 'b0000000-0000-0000-0000-000000000009', 190.0, now(), 'Online Portal', 'Payment for Event Nine'),
('f0000000-0000-0000-0000-000000000010', 'c0000000-0000-0000-0000-000000000010', 'b0000000-0000-0000-0000-000000000010', 200.0, now(), 'Online Portal', 'Payment for Event Ten');
INSERT INTO "customer_history" (id, customer_id, amount, transaction_id, created_at) VALUES
('g0000000-0000-0000-0000-000000000001', 'c0000000-0000-0000-0000-000000000001', -110.0, 'f0000000-0000-0000-0000-000000000001', now()),
('g0000000-0000-0000-0000-000000000002', 'c0000000-0000-0000-0000-000000000002', -120.0, 'f0000000-0000-0000-0000-000000000002', now()),
('g0000000-0000-0000-0000-000000000003', 'c0000000-0000-0000-0000-000000000003', -130.0, 'f0000000-0000-0000-0000-000000000003', now()),
('g0000000-0000-0000-0000-000000000004', 'c0000000-0000-0000-0000-000000000004', -140.0, 'f0000000-0000-0000-0000-000000000004', now()),
('g0000000-0000-0000-0000-000000000005', 'c0000000-0000-0000-0000-000000000005', -150.0, 'f0000000-0000-0000-0000-000000000005', now()),
('g0000000-0000-0000-0000-000000000006', 'c0000000-0000-0000-0000-000000000006', -160.0, 'f0000000-0000-0000-0000-000000000006', now()),
('g0000000-0000-0000-0000-000000000007', 'c0000000-0000-0000-0000-000000000007', -170.0, 'f0000000-0000-0000-0000-000000000007', now()),
('g0000000-0000-0000-0000-000000000008', 'c0000000-0000-0000-0000-000000000008', -180.0, 'f0000000-0000-0000-0000-000000000008', now()),
('g0000000-0000-0000-0000-000000000009', 'c0000000-0000-0000-0000-000000000009', -190.0, 'f0000000-0000-0000-0000-000000000009', now()),
('g0000000-0000-0000-0000-000000000010', 'c0000000-0000-0000-0000-000000000010', -200.0, 'f0000000-0000-0000-0000-000000000010', now());
INSERT INTO "event_history" (id, event_id, sender_id, transaction, amount, created_at) VALUES
('h0000000-0000-0000-0000-000000000001', 'd0000000-0000-0000-0000-000000000001', 'c0000000-0000-0000-0000-000000000001', 'f0000000-0000-0000-0000-000000000001', 110.0, now()),
('h0000000-0000-0000-0000-000000000002', 'd0000000-0000-0000-0000-000000000002', 'c0000000-0000-0000-0000-000000000002', 'f0000000-0000-0000-0000-000000000002', 120.0, now()),
('h0000000-0000-0000-0000-000000000003', 'd0000000-0000-0000-0000-000000000003', 'c0000000-0000-0000-0000-000000000003', 'f0000000-0000-0000-0000-000000000003', 130.0, now()),
('h0000000-0000-0000-0000-000000000004', 'd0000000-0000-0000-0000-000000000004', 'c0000000-0000-0000-0000-000000000004', 'f0000000-0000-0000-0000-000000000004', 140.0, now()),
('h0000000-0000-0000-0000-000000000005', 'd0000000-0000-0000-0000-000000000005', 'c0000000-0000-0000-0000-000000000005', 'f0000000-0000-0000-0000-000000000005', 150.0, now()),
('h0000000-0000-0000-0000-000000000006', 'd0000000-0000-0000-0000-000000000006', 'c0000000-0000-0000-0000-000000000006', 'f0000000-0000-0000-0000-000000000006', 160.0, now()),
('h0000000-0000-0000-0000-000000000007', 'd0000000-0000-0000-0000-000000000007', 'c0000000-0000-0000-0000-000000000007', 'f0000000-0000-0000-0000-000000000007', 170.0, now()),
('h0000000-0000-0000-0000-000000000008', 'd0000000-0000-0000-0000-000000000008', 'c0000000-0000-0000-0000-000000000008', 'f0000000-0000-0000-0000-000000000008', 180.0, now()),
('h0000000-0000-0000-0000-000000000009', 'd0000000-0000-0000-0000-000000000009', 'c0000000-0000-0000-0000-000000000009', 'f0000000-0000-0000-0000-000000000009', 190.0, now()),
('h0000000-0000-0000-0000-000000000010', 'd0000000-0000-0000-0000-000000000010', 'c0000000-0000-0000-0000-000000000010', 'f0000000-0000-0000-0000-000000000010', 200.0, now());
